{"P07": {"lineTag": 764, "SLSNmin": [-2905087.946748794, 0.8126120130765857, "SLSR04a2"], "ULSNmin": [-3958646.900128722, 0.8290360000269575, "ULS124a2"], "SLSNmax": [-6.023e+23, 0.0, ""], "ULSNmax": [-6.023e+23, 0.0, ""], "position": [7385.53999999998, 5460.44799999986, 0.75], "soilType": "T1"}, "P08": {"lineTag": 765, "SLSNmin": [-3107860.2191948425, 0.8693315298447112, "SLSR04a3"], "ULSNmin": [-4236505.4076530505, 0.8872262633828378, "ULS124a3"], "SLSNmax": [-6.023e+23, 0.0, ""], "ULSNmax": [-6.023e+23, 0.0, ""], "position": [7390.34999999998, 5461.8200000003, 0.75], "soilType": "T1"}, "P09": {"lineTag": 766, "SLSNmin": [-3275167.3519709166, 0.9161307278240326, "SLSR04a3"], "ULSNmin": [-4473649.609236885, 0.9368899705208136, "ULS124a3"], "SLSNmax": [-6.023e+23, 0.0, ""], "ULSNmax": [-6.023e+23, 0.0, ""], "position": [7395.15500000003, 5463.18800000008, 0.75], "soilType": "T1"}, "P10": {"lineTag": 767, "SLSNmin": [-3353145.969351409, 0.9379429284899046, "SLSR04a3"], "ULSNmin": [-4584358.566260917, 0.9600750924106632, "ULS124a3"], "SLSNmax": [-6.023e+23, 0.0, ""], "ULSNmax": [-6.023e+23, 0.0, ""], "position": [7399.96500000003, 5464.55900000036, 0.75], "soilType": "T1"}, "P11": {"lineTag": 768, "SLSNmin": [-3332461.5832817154, 0.9321570862326477, "SLSR04a3"], "ULSNmin": [-4551356.056355741, 0.9531635720116735, "ULS124a3"], "SLSNmax": [-6.023e+23, 0.0, ""], "ULSNmax": [-6.023e+23, 0.0, ""], "position": [7404.77100000001, 5465.92700000014, 0.75], "soilType": "T1"}, "P12": {"lineTag": 769, "SLSNmin": [-3415827.572238614, 0.955476243982829, "SLSR04a4"], "ULSNmin": [-4667152.786742285, 0.9774141961763947, "ULS124a4"], "SLSNmax": [-6.023e+23, 0.0, ""], "ULSNmax": [-6.023e+23, 0.0, ""], "position": [7409.58100000001, 5467.29700000025, 0.75], "soilType": "T1"}, "P13": {"lineTag": 770, "SLSNmin": [-2834378.640791053, 0.9608063189122213, "SLSR04a4"], "ULSNmin": [-3871196.543868496, 0.967799135967124, "ULS124a4"], "SLSNmax": [-6.023e+23, 0.0, ""], "ULSNmax": [-6.023e+23, 0.0, ""], "position": [7414.391, 5468.66700000037, 0.75], "soilType": "T5"}, "P14": {"lineTag": 771, "SLSNmin": [-2705809.4102558084, 0.917223528900274, "SLSR04a4"], "ULSNmin": [-3689971.4033768615, 0.9224928508442154, "ULS124a4"], "SLSNmax": [-6.023e+23, 0.0, ""], "ULSNmax": [-6.023e+23, 0.0, ""], "position": [7419.201, 5470.03699999955, 0.75], "soilType": "T5"}, "P15": {"lineTag": 772, "SLSNmin": [-3125233.479358446, 0.8504036678526383, "SLSR04a4"], "ULSNmin": [-4250258.718576161, 0.8293187743563242, "ULS124a4"], "SLSNmax": [-6.023e+23, 0.0, ""], "ULSNmax": [-6.023e+23, 0.0, ""], "position": [7424.01000000001, 5471.41000000015, 0.75], "soilType": "T2"}, "P16": {"lineTag": 773, "SLSNmin": [-2859205.23748531, 0.7780150306082476, "SLSR04a4"], "ULSNmin": [-3875263.964604972, 0.7561490662643847, "ULS124a4"], "SLSNmax": [-6.023e+23, 0.0, ""], "ULSNmax": [-6.023e+23, 0.0, ""], "position": [7428.82000000001, 5472.78000000026, 0.75], "soilType": "T2"}, "P17": {"lineTag": 774, "SLSNmin": [-2717503.4639629554, 0.7394567248878791, "SLSR01"], "ULSNmin": [-3676433.6275310367, 0.7173529029328852, "ULS121"], "SLSNmax": [-6.023e+23, 0.0, ""], "ULSNmax": [-6.023e+23, 0.0, ""], "position": [7433.625, 5474.14900000021, 0.75], "soilType": "T2"}, "P18": {"lineTag": 775, "SLSNmin": [-2636317.4072665796, 0.7173652808888652, "SLSR01"], "ULSNmin": [-3557415.9385686098, 0.6941299392328995, "ULS121"], "SLSNmax": [-6.023e+23, 0.0, ""], "ULSNmax": [-6.023e+23, 0.0, ""], "position": [7438.43099999998, 5475.51699999999, 0.75], "soilType": "T2"}, "P19": {"lineTag": 776, "SLSNmin": [-2616176.9945255313, 0.7118848964695323, "SLSR01"], "ULSNmin": [-3522561.9747766247, 0.6873291658100731, "ULS121"], "SLSNmax": [-6.023e+23, 0.0, ""], "ULSNmax": [-6.023e+23, 0.0, ""], "position": [7443.24099999998, 5476.8870000001, 0.75], "soilType": "T2"}, "P20": {"lineTag": 777, "SLSNmin": [-2721444.074725545, 0.69780617300655, "SLSR04a6"], "ULSNmin": [-3661569.057878337, 0.6812221503029464, "ULS121"], "SLSNmax": [-6.023e+23, 0.0, ""], "ULSNmax": [-6.023e+23, 0.0, ""], "position": [7448.05099999998, 5478.25700000022, 0.75], "soilType": "T3"}, "P21": {"lineTag": 778, "SLSNmin": [-2917378.268241659, 0.7480457098055535, "SLSR04a6"], "ULSNmin": [-3931267.844125584, 0.7313986686745272, "ULS124a6"], "SLSNmax": [-6.023e+23, 0.0, ""], "ULSNmax": [-6.023e+23, 0.0, ""], "position": [7452.86099999998, 5479.62700000033, 0.75], "soilType": "T3"}, "P22": {"lineTag": 779, "SLSNmin": [-3003822.9848201517, 0.7702110217487569, "SLSR04a7"], "ULSNmin": [-4076351.58190188, 0.7583909919817451, "ULS124a7"], "SLSNmax": [-6.023e+23, 0.0, ""], "ULSNmax": [-6.023e+23, 0.0, ""], "position": [7457.66999999998, 5481.0, 0.75], "soilType": "T3"}, "P23": {"lineTag": 780, "SLSNmin": [-2387915.636259893, 0.8094629275457265, "SLSR04a7"], "ULSNmin": [-3242569.5629385505, 0.8106423907346376, "ULS124a7"], "SLSNmax": [-6.023e+23, 0.0, ""], "ULSNmax": [-6.023e+23, 0.0, ""], "position": [7462.48100000003, 5482.36699999962, 0.75], "soilType": "T5"}, "P24": {"lineTag": 781, "SLSNmin": [-2377032.336925652, 0.8057736735341193, "SLSR04a7"], "ULSNmin": [-3220932.9949292727, 0.8052332487323182, "ULS124a7"], "SLSNmax": [-6.023e+23, 0.0, ""], "ULSNmax": [-6.023e+23, 0.0, ""], "position": [7467.28600000002, 5483.73599999957, 0.75], "soilType": "T5"}, "P25": {"lineTag": 782, "SLSNmin": [-2351960.68289283, 0.7972748077602814, "SLSR04a8"], "ULSNmin": [-3179416.3391705016, 0.7948540847926254, "ULS124a8"], "SLSNmax": [-6.023e+23, 0.0, ""], "ULSNmax": [-6.023e+23, 0.0, ""], "position": [7472.09600000002, 5485.10599999968, 0.75], "soilType": "T5"}, "P26": {"lineTag": 783, "SLSNmin": [-2326779.4130136296, 0.7887387840724168, "SLSR04a8"], "ULSNmin": [-3136389.413371864, 0.7840973533429659, "ULS124a8"], "SLSNmax": [-6.023e+23, 0.0, ""], "ULSNmax": [-6.023e+23, 0.0, ""], "position": [7476.90100000001, 5486.47499999963, 0.75], "soilType": "T5"}, "P27": {"lineTag": 784, "SLSNmin": [-2320986.077440094, 0.7867749415051167, "SLSR01"], "ULSNmin": [-3120083.7115225373, 0.7800209278806344, "ULS121"], "SLSNmax": [-6.023e+23, 0.0, ""], "ULSNmax": [-6.023e+23, 0.0, ""], "position": [7481.71100000001, 5487.84499999974, 0.75], "soilType": "T5"}, "P28": {"lineTag": 785, "SLSNmin": [-2162350.819824758, 0.7654339185220382, "SLSR14"], "ULSNmin": [-2899290.6015602313, 0.8109903780588059, "ULS134"], "SLSNmax": [-6.023e+23, 0.0, ""], "ULSNmax": [-6.023e+23, 0.0, ""], "position": [7486.52100000001, 5489.21700000018, 0.75], "soilType": "T6"}, "P29": {"lineTag": 786, "SLSNmin": [-2213093.4310557786, 0.7833959047985057, "SLSR14"], "ULSNmin": [-2959861.6703411294, 0.8279333343611551, "ULS134"], "SLSNmax": [-6.023e+23, 0.0, ""], "ULSNmax": [-6.023e+23, 0.0, ""], "position": [7491.33100000001, 5490.58700000029, 0.75], "soilType": "T6"}, "P30": {"lineTag": 787, "SLSNmin": [-2283418.0790356062, 0.8082895854993296, "SLSR14"], "ULSNmin": [-3047760.7475367226, 0.8525204888214608, "ULS134"], "SLSNmax": [-6.023e+23, 0.0, ""], "ULSNmax": [-6.023e+23, 0.0, ""], "position": [7496.141, 5491.9570000004, 0.75], "soilType": "T6"}, "P31": {"lineTag": 788, "SLSNmin": [-2365591.296112608, 0.8373774499513658, "SLSR14"], "ULSNmin": [-3154758.1304606786, 0.8824498267022877, "ULS134"], "SLSNmax": [-6.023e+23, 0.0, ""], "ULSNmax": [-6.023e+23, 0.0, ""], "position": [7500.951, 5493.32699999958, 0.75], "soilType": "T6"}, "P32": {"lineTag": 789, "SLSNmin": [-1669202.9381119646, 0.9403960214715293, "SLSR14"], "ULSNmin": [-2233267.0405325675, 0.9305279335552364, "ULS134"], "SLSNmax": [-6.023e+23, 0.0, ""], "ULSNmax": [-6.023e+23, 0.0, ""], "position": [7505.75599999999, 5494.69600000046, 0.75], "soilType": "T7"}, "P33": {"lineTag": 790, "SLSNmin": [-1602970.4311245992, 0.9030819330279432, "SLSR01"], "ULSNmin": [-2166558.6667033387, 0.9027327777930578, "ULS121"], "SLSNmax": [-6.023e+23, 0.0, ""], "ULSNmax": [-6.023e+23, 0.0, ""], "position": [7510.56099999999, 5496.06500000041, 0.75], "soilType": "T7"}, "P34": {"lineTag": 791,